title,content,excerpt,"ad_type",categories,locations,tags,gallery_images,"video_url","Post Date","Post Author ID","Author First name","Author Last name","Author Email","Author Username","pricing_type","price_type",price,"max_price","social_profiles",website,email,phone,whatsApp,address,"zipcode","Map Latitude","Map Longitude","Hide Map","Never Expire","Expiry Date",Views,status,designation,age,gender
"Floyd Miles","<p class=""mb-2"" style=""box-sizing: border-box; padding: 0px; font-family: var(--font-title); color: var(--color-paragraph); line-height: 26px; margin: 0px 0px 0.5rem !important 0px;"">When an unknown printer took a galley of type and scrambled it to make a type specimen book haa aews survived not only five centuriesbut also the leap into electronic typesetting, remaining awea rea awweaw sentially unchanged. It was popularised.</p>
<p class=""mb-0"" style=""box-sizing: border-box; padding: 0px; font-family: var(--font-title); color: var(--color-paragraph); line-height: 26px; margin: 0px 0px 0px !important 0px;"">when an unknown printer took a galley of type and scrambled it to make a type specimen arawer ebook It has survived not only five centuriesbut also the leap into electronic. hhhh</p>
","Disialwe pride oursdisialwe pride ourselves on delivering toer are
legal services with a commitment integrity.",,tax,california,,https://www.radiustheme.com/demo/wordpress/themes/clawyer/wp-content/uploads/classified-listing/2025/01/lawyer-1.webp,,"2024-07-10 03:56:06",2,Alina,Fraiser,alina_lawyer@gmail.com,alina_clawyer,price,fixed,190,,"facebook|https://www.facebook.com,twitter|https://www.twitter.com,linkedin|https://www.linkedin.com,pinterest|https://www.pinterest.com",https://www.radiustheme.com,demo@wpengine.local,"+1 700-000-6100",,"Pleasant Hill, CA, USA",,34.1695212192032,-118.04625636029616,,1,,18,publish,"LLB (UK), LLD (Canada)",25-34,Male
"Courtney Henry","<p class=""mb-2"" style=""box-sizing: border-box; padding: 0px; font-family: var(--font-title); color: var(--color-paragraph); line-height: 26px; margin: 0px 0px 0.5rem !important 0px;"">When an unknown printer took a galley of type and scrambled it to make a type specimen book haa aews survived not only five centuriesbut also the leap into electronic typesetting, remaining awea rea awweaw sentially unchanged. It was popularised.</p>
<p class=""mb-0"" style=""box-sizing: border-box; padding: 0px; font-family: var(--font-title); color: var(--color-paragraph); line-height: 26px; margin: 0px 0px 0px !important 0px;"">when an unknown printer took a galley of type and scrambled it to make a type specimen arawer ebook It has survived not only five centuriesbut also the leap into electronic.</p>
","Disialwe pride oursdisialwe pride ourselves on delivering toer are legal services with a commitment integrity.",,real-estate,new-york,,https://www.radiustheme.com/demo/wordpress/themes/clawyer/wp-content/uploads/classified-listing/2025/01/lawyer-2.webp,https://www.youtube.com/watch?v=RiXdDGk_XCU,"2024-07-09 11:11:54",2,Alina,Fraiser,alina_lawyer@gmail.com,alina_clawyer,price,fixed,135,,,,demo@your.local,"+1 700-000-6100",,"Hunting, Dix Hills, NY",,40.78694470000001,-73.34480264971376,,1,"2024-08-31 05:06:34",23,publish,"LLB (UK), LLD (Canada)",35-44,Female
"Wade Warren","<p class=""mb-2"" style=""box-sizing: border-box; padding: 0px; font-family: var(--font-title); color: var(--color-paragraph); line-height: 26px; margin: 0px 0px 0.5rem !important 0px;"">When an unknown printer took a galley of type and scrambled it to make a type specimen book haa aews survived not only five centuriesbut also the leap into electronic typesetting, remaining awea rea awweaw sentially unchanged. It was popularised.</p>
<p class=""mb-0"" style=""box-sizing: border-box; padding: 0px; font-family: var(--font-title); color: var(--color-paragraph); line-height: 26px; margin: 0px 0px 0px !important 0px;"">when an unknown printer took a galley of type and scrambled it to make a type specimen arawer ebook It has survived not only five centuriesbut also the leap into electronic.</p>
","Disialwe pride oursdisialwe pride ourselves on delivering toer are legal services with a commitment integrity.",,business,florida,,https://www.radiustheme.com/demo/wordpress/themes/clawyer/wp-content/uploads/classified-listing/2025/01/lawyer-3.webp,https://www.youtube.com/watch?v=RiXdDGk_XCU,"2024-07-09 10:30:33",2,Alina,Fraiser,alina_lawyer@gmail.com,alina_clawyer,price,fixed,500,,,,demo@your.local,"+1 700-000-6100",,"Polynesia, Marco I, FL",,25.95033082251944,-81.70030999497826,,1,"2024-08-31 05:06:34",14,publish,"LLB (USA), LLD (Canada)",25-34,Female
"Ronald Richards","<p class=""mb-2"" style=""box-sizing: border-box; padding: 0px; font-family: var(--font-title); color: var(--color-paragraph); line-height: 26px; margin: 0px 0px 0.5rem !important 0px;"">When an unknown printer took a galley of type and scrambled it to make a type specimen book haa aews survived not only five centuriesbut also the leap into electronic typesetting, remaining awea rea awweaw sentially unchanged. It was popularised.</p>
<p class=""mb-0"" style=""box-sizing: border-box; padding: 0px; font-family: var(--font-title); color: var(--color-paragraph); line-height: 26px; margin: 0px 0px 0px !important 0px;"">when an unknown printer took a galley of type and scrambled it to make a type specimen arawer ebook It has survived not only five centuriesbut also the leap into electronic.</p>
","Disialwe pride oursdisialwe pride ourselves on delivering toer are legal services with a commitment integrity.",,real-estate,minnesota,,https://www.radiustheme.com/demo/wordpress/themes/clawyer/wp-content/uploads/classified-listing/2025/01/lawyer-4.webp,https://www.youtube.com/watch?v=RiXdDGk_XCU,"2024-07-09 10:09:16",1,Parker,Willy,demo@wpengine.local,admin,price,fixed,100,,,,demo@wpengine.local,"+1 700-000-6100",,"14911 Brittney Ln, MN",,46.01696751020408,-94.34669657142857,,1,"2024-08-31 05:06:34",17,publish,"LLB (UK), LLD (Canada)",35-44,Male
"Jenny Wilson","<p class=""mb-2"" style=""box-sizing: border-box; padding: 0px; font-family: var(--font-title); color: var(--color-paragraph); line-height: 26px; margin: 0px 0px 0.5rem !important 0px;"">When an unknown printer took a galley of type and scrambled it to make a type specimen book haa aews survived not only five centuriesbut also the leap into electronic typesetting, remaining awea rea awweaw sentially unchanged. It was popularised.</p>
<p class=""mb-0"" style=""box-sizing: border-box; padding: 0px; font-family: var(--font-title); color: var(--color-paragraph); line-height: 26px; margin: 0px 0px 0px !important 0px;"">when an unknown printer took a galley of type and scrambled it to make a type specimen arawer ebook It has survived not only five centuriesbut also the leap into electronic.</p>
","Disialwe pride oursdisialwe pride ourselves on delivering toer are legal services with a commitment integrity.",,criminal,texas,,https://www.radiustheme.com/demo/wordpress/themes/clawyer/wp-content/uploads/classified-listing/2025/01/lawyer-5.webp,https://www.youtube.com/watch?v=RiXdDGk_XCU,"2024-07-09 10:03:49",2,Alina,Fraiser,alina_lawyer@gmail.com,alina_clawyer,price,fixed,150,,,,demo@wpengine.local,"+1 700-000-6100",,"Peachtree, Odessa, TX",,31.817967,-102.434153,,1,"2024-08-31 05:06:33",14,publish,"LLB (UK), LLD (Canada)",35-44,Female
"Kathryn Murphy","<p class=""mb-2"" style=""box-sizing: border-box; padding: 0px; font-family: var(--font-title); color: var(--color-paragraph); line-height: 26px; margin: 0px 0px 0.5rem !important 0px;"">When an unknown printer took a galley of type and scrambled it to make a type specimen book haa aews survived not only five centuriesbut also the leap into electronic typesetting, remaining awea rea awweaw sentially unchanged. It was popularised.</p>
<p class=""mb-0"" style=""box-sizing: border-box; padding: 0px; font-family: var(--font-title); color: var(--color-paragraph); line-height: 26px; margin: 0px 0px 0px !important 0px;"">when an unknown printer took a galley of type and scrambled it to make a type specimen arawer ebook It has survived not only five centuriesbut also the leap into electronic.</p>
","Disialwe pride oursdisialwe pride ourselves on delivering toer are legal services with a commitment integrity.",,injured,kansas,,https://www.radiustheme.com/demo/wordpress/themes/clawyer/wp-content/uploads/classified-listing/2025/01/lawyer-8.webp,https://www.youtube.com/watch?v=RiXdDGk_XCU,"2024-07-09 09:38:24",2,Alina,Fraiser,alina_lawyer@gmail.com,alina_clawyer,price,fixed,700,,,,demo@wpengine.local,"+1 700-000-6100",,"24th St, Kansas City",,39.084242450000005,-94.59759800456413,,1,,15,publish,"LLB (USA), LLD (Canada)",45-54,Male
"Robert Fox","<p>Lorem ipsum dolor sit amet consectetur Orci anynready to any velit vitae sagittis id at. Habitasse metus urna risus nam nunc proin quis dignissim. Tellus id fermentum diam metus viverra netus amet est. Turpis pulvinar nec suscipit vel. Feugiat the pellentesque pellentesque egestas feugiat tincidunt pretium sapien aliquam velit. Sodales lacus risus orci eu nibh donec augue dictum sit.</p>
","Disialwe pride oursdisialwe pride ourselves on delivering toer are legal services with a commitment integrity.",,real-estate,virginia,,https://www.radiustheme.com/demo/wordpress/themes/clawyer/wp-content/uploads/classified-listing/2025/01/lawyer-6.webp,https://www.youtube.com/watch?v=RiXdDGk_XCU,"2024-07-09 09:20:06",2,Alina,Fraiser,alina_lawyer@gmail.com,alina_clawyer,price,fixed,800,,,,dev-email@wpengine.local,"+1 700-000-6100",,"906 Pedigo, Vinton, VA",,37.264029,-79.869152,,1,"2024-08-31 05:06:33",11,publish,"LLB (USA), LLD (Canada)",45-54,Male
"Cameron Williamson","<p>Lorem ipsum dolor sit amet consectetur Orci anynready to any velit vitae sagittis id at. Habitasse metus urna risus nam nunc proin quis dignissim. Tellus id fermentum diam metus viverra netus amet est. Turpis pulvinar nec suscipit vel. Feugiat the pellentesque pellentesque egestas feugiat tincidunt pretium sapien aliquam velit. Sodales lacus risus orci eu nibh donec augue dictum sit.</p>
","Disialwe pride oursdisialwe pride ourselves on delivering toer are legal services with a commitment integrity.",,labor,new-york,,https://www.radiustheme.com/demo/wordpress/themes/clawyer/wp-content/uploads/classified-listing/2025/01/lawyer-7.webp,https://www.youtube.com/watch?v=RiXdDGk_XCU,"2024-07-09 08:53:44",2,Alina,Fraiser,alina_lawyer@gmail.com,alina_clawyer,price,fixed,500,,,,dev-email@wpengine.local,"+1 700-000-6100",,"14 Hunting Hollow, NY",,37.97112592140608,-122.52879313546686,,1,,12,publish,"LLB (USA), LLD (Canada)",35-44,Male
"Ivanna Cain","<p>Lorem ipsum dolor sit amet consectetur Orci anynready to any velit vitae sagittis id at. Habitasse metus urna risus nam nunc proin quis dignissim. Tellus id fermentum diam metus viverra netus amet est. Turpis pulvinar nec suscipit vel. Feugiat the pellentesque pellentesque egestas feugiat tincidunt pretium sapien aliquam velit. Sodales lacus risus orci eu nibh donec augue dictum sit.</p>
","Disialwe pride oursdisialwe pride ourselves on delivering toer are legal services with a commitment integrity.",,banking,florida,,https://www.radiustheme.com/demo/wordpress/themes/clawyer/wp-content/uploads/classified-listing/2025/01/lawyer-3-1.webp,https://www.youtube.com/watch?v=RiXdDGk_XCU,"2024-07-08 09:54:12",2,Alina,Fraiser,alina_lawyer@gmail.com,alina_clawyer,price,fixed,120,,,,your@demo.local,"+1 700-000-6100",,"20 Santa Barbara, FL",,37.97112592140608,-122.52879313546686,,1,"2024-08-31 05:06:33",10,publish,"LLB (USA), LLD (USA)",25-34,Female
"Allan Barrett","<p>Lorem ipsum dolor sit amet consectetur Orci anynready to any velit vitae sagittis id at. Habitasse metus urna risus nam nunc proin quis dignissim. Tellus id fermentum diam metus viverra netus amet est. Turpis pulvinar nec suscipit vel. Feugiat the pellentesque pellentesque egestas feugiat tincidunt pretium sapien aliquam velit. Sodales lacus risus orci eu nibh donec augue dictum sit. dsddd</p>
","Disialwe pride oursdisialwe pride ourselves on delivering toer are legal services with a commitment integrity.",,real-estate,california,,https://www.radiustheme.com/demo/wordpress/themes/clawyer/wp-content/uploads/classified-listing/2025/01/lawyer-1-1.webp,https://www.youtube.com/watch?v=RiXdDGk_XCU,"2024-07-01 06:59:03",2,Alina,Fraiser,alina_lawyer@gmail.com,alina_clawyer,price,fixed,100,,,,demo@your.local,"+1 700-000-6100",,"11 Second Street, CA.",,37.97112592140608,-122.52879313546686,,1,"2024-08-31 05:06:32",56,publish,"LLB (USA), LLD (USA)",25-34,Male
